[{"id":"73e1dc6c-8441-42cc-ad47-4bd3659f8a3a","alias":"SPLodashSubset","componentType":"Library","version":"1.10.0","manifestVersion":2,"loaderConfig":{"entryModuleId":"sp-lodash-subset","internalModuleBaseUrls":["https://localhost:4321/node_modules/@microsoft/sp-lodash-subset/"],"scriptResources":{"sp-lodash-subset":{"type":"path","path":"dist/sp-lodash-subset.js"}}},"isInternal":true},{"id":"7263c7d0-1d6a-45ec-8d85-d4d1d234171b","alias":"SPCoreLibrary","componentType":"Library","version":"1.10.0","manifestVersion":2,"loaderConfig":{"entryModuleId":"sp-core-library","internalModuleBaseUrls":["https://localhost:4321/node_modules/@microsoft/sp-core-library/"],"scriptResources":{"sp-core-library":{"type":"localizedPath","defaultPath":"dist/sp-core-library_en-us.js"},"@microsoft/sp-lodash-subset":{"type":"component","version":"1.10.0","id":"73e1dc6c-8441-42cc-ad47-4bd3659f8a3a"}}},"isInternal":true},{"id":"29bd516f-4ece-40b7-8028-597cbc65a223","alias":"SpOfficeUIFabricCore","componentType":"Library","version":"1.10.0","manifestVersion":2,"loaderConfig":{"entryModuleId":"office-ui-fabric-core","internalModuleBaseUrls":["https://localhost:4321/node_modules/@microsoft/sp-office-ui-fabric-core/"],"scriptResources":{"office-ui-fabric-core":{"type":"path","path":"dist/office-ui-fabric-core.js"},"@microsoft/load-themed-styles":{"type":"component","version":"0.1.2","id":"229b8d08-79f3-438b-8c21-4613fc877abd"}}},"isInternal":true},{"id":"f97266fb-ccb7-430e-9384-4124d05295d3","alias":"Decorators","componentType":"Library","version":"1.10.0","manifestVersion":2,"loaderConfig":{"entryModuleId":"decorators","internalModuleBaseUrls":["https://localhost:4321/node_modules/@microsoft/decorators/"],"scriptResources":{"decorators":{"type":"path","path":"dist/decorators.js"}}},"isInternal":true},{"manifestVersion":2,"id":"78359e4b-07c2-43c6-8d0b-d060b4d577e8","alias":"SPDiagnostics","componentType":"Library","version":"1.10.0","loaderConfig":{"entryModuleId":"sp-diagnostics","internalModuleBaseUrls":["https://localhost:4321/node_modules/@microsoft/sp-diagnostics/"],"scriptResources":{"sp-diagnostics":{"type":"path","path":"dist/sp-diagnostics.js"},"@microsoft/sp-lodash-subset":{"type":"component","version":"1.10.0","id":"73e1dc6c-8441-42cc-ad47-4bd3659f8a3a"},"@microsoft/sp-core-library":{"type":"component","version":"1.10.0","id":"7263c7d0-1d6a-45ec-8d85-d4d1d234171b"}}},"isInternal":true},{"manifestVersion":2,"id":"e40f8203-b39d-425a-a957-714852e33b79","alias":"SPDynamicData","componentType":"Library","version":"1.10.0","loaderConfig":{"entryModuleId":"sp-dynamic-data","internalModuleBaseUrls":["https://localhost:4321/node_modules/@microsoft/sp-dynamic-data/"],"scriptResources":{"sp-dynamic-data":{"type":"localizedPath","defaultPath":"dist/sp-dynamic-data_en-us.js"},"@microsoft/sp-lodash-subset":{"type":"component","version":"1.10.0","id":"73e1dc6c-8441-42cc-ad47-4bd3659f8a3a"},"@microsoft/sp-core-library":{"type":"component","version":"1.10.0","id":"7263c7d0-1d6a-45ec-8d85-d4d1d234171b"},"@microsoft/sp-diagnostics":{"type":"component","version":"1.10.0","id":"78359e4b-07c2-43c6-8d0b-d060b4d577e8"}}},"isInternal":true},{"id":"1e384972-6346-49b4-93c7-b2e6763938e6","alias":"sp-polyfills","componentType":"Library","version":"1.10.0","manifestVersion":2,"loaderConfig":{"entryModuleId":"sp-polyfills","internalModuleBaseUrls":["https://localhost:4321/node_modules/@microsoft/sp-polyfills/"],"scriptResources":{"sp-polyfills":{"type":"path","path":"dist/sp-polyfills.js"}}}},{"id":"c07208f0-ea3b-4c1a-9965-ac1b825211a6","alias":"SPHttp","componentType":"Library","version":"1.10.0","manifestVersion":2,"preloadComponents":[],"loaderConfig":{"entryModuleId":"sp-http","internalModuleBaseUrls":["https://localhost:4321/node_modules/@microsoft/sp-http/"],"scriptResources":{"sp-http":{"type":"localizedPath","defaultPath":"dist/sp-http_en-us.js"},"@microsoft/sp-core-library":{"type":"component","version":"1.10.0","id":"7263c7d0-1d6a-45ec-8d85-d4d1d234171b"},"@microsoft/sp-diagnostics":{"type":"component","version":"1.10.0","id":"78359e4b-07c2-43c6-8d0b-d060b4d577e8"}}},"isInternal":true},{"id":"02a01e42-69ab-403d-8a16-acd128661f8e","alias":"OfficeUIFabricReact","componentType":"Library","version":"1.10.0","manifestVersion":2,"loaderConfig":{"entryModuleId":"office-ui-fabric-react-bundle","internalModuleBaseUrls":["https://localhost:4321/node_modules/@microsoft/office-ui-fabric-react-bundle/"],"scriptResources":{"office-ui-fabric-react-bundle":{"type":"path","path":"dist/office-ui-fabric-react-bundle.js"},"react":{"type":"component","version":"16.8.5","id":"0d910c1c-13b9-4e1c-9aa4-b008c5e42d7d","failoverPath":"node_modules/react/dist/react.js"},"react-dom":{"type":"component","version":"16.8.5","id":"aa0a46ec-1505-43cd-a44a-93f3a5aa460a","failoverPath":"node_modules/react-dom/dist/react-dom.js"},"@ms/uifabric-styling-bundle":{"type":"component","version":"0.1.0","id":"17ce0976-e69a-4355-be84-89b69a74717d"},"@microsoft/load-themed-styles":{"type":"component","version":"0.1.2","id":"229b8d08-79f3-438b-8c21-4613fc877abd"}}},"isInternal":true},{"id":"1c4541f7-5c31-41aa-9fa8-fbc9dc14c0a8","alias":"SPPageContext","componentType":"Library","version":"1.10.0","manifestVersion":2,"loaderConfig":{"entryModuleId":"sp-page-context","internalModuleBaseUrls":["https://localhost:4321/node_modules/@microsoft/sp-page-context/"],"scriptResources":{"sp-page-context":{"type":"localizedPath","defaultPath":"dist/sp-page-context_en-us.js"},"@microsoft/sp-dynamic-data":{"type":"component","version":"1.10.0","id":"e40f8203-b39d-425a-a957-714852e33b79"},"@microsoft/sp-core-library":{"type":"component","version":"1.10.0","id":"7263c7d0-1d6a-45ec-8d85-d4d1d234171b"},"@microsoft/sp-diagnostics":{"type":"component","version":"1.10.0","id":"78359e4b-07c2-43c6-8d0b-d060b4d577e8"}}},"isInternal":true},{"id":"1c6c9123-7aac-41f3-a376-3caea41ed83f","alias":"SPLoader","componentType":"Library","version":"1.10.0","manifestVersion":2,"loaderConfig":{"entryModuleId":"sp-loader","internalModuleBaseUrls":["https://localhost:4321/node_modules/@microsoft/sp-loader/"],"scriptResources":{"sp-loader":{"type":"localizedPath","defaultPath":"dist/sp-loader_en-us.js"},"@ms/sp-telemetry":{"type":"component","version":"0.8.16","id":"8217e442-8ed3-41fd-957d-b112e841286a"},"@microsoft/sp-dynamic-data":{"type":"component","version":"1.10.0","id":"e40f8203-b39d-425a-a957-714852e33b79"},"@microsoft/sp-lodash-subset":{"type":"component","version":"1.10.0","id":"73e1dc6c-8441-42cc-ad47-4bd3659f8a3a"},"@microsoft/sp-core-library":{"type":"component","version":"1.10.0","id":"7263c7d0-1d6a-45ec-8d85-d4d1d234171b"},"@microsoft/sp-page-context":{"type":"component","version":"1.10.0","id":"1c4541f7-5c31-41aa-9fa8-fbc9dc14c0a8"},"@microsoft/load-themed-styles":{"type":"component","version":"0.1.2","id":"229b8d08-79f3-438b-8c21-4613fc877abd"},"@microsoft/sp-diagnostics":{"type":"component","version":"1.10.0","id":"78359e4b-07c2-43c6-8d0b-d060b4d577e8"},"@microsoft/sp-http":{"type":"component","version":"1.10.0","id":"c07208f0-ea3b-4c1a-9965-ac1b825211a6"}}},"isInternal":true},{"id":"467dc675-7cc5-4709-8aac-78e3b71bd2f6","alias":"SPComponentBase","componentType":"Library","version":"1.10.0","manifestVersion":2,"loaderConfig":{"entryModuleId":"sp-component-base","internalModuleBaseUrls":["https://localhost:4321/node_modules/@microsoft/sp-component-base/"],"scriptResources":{"sp-component-base":{"type":"localizedPath","defaultPath":"dist/sp-component-base_en-us.js"},"@microsoft/sp-dynamic-data":{"type":"component","version":"1.10.0","id":"e40f8203-b39d-425a-a957-714852e33b79"},"@microsoft/sp-lodash-subset":{"type":"component","version":"1.10.0","id":"73e1dc6c-8441-42cc-ad47-4bd3659f8a3a"},"@microsoft/sp-core-library":{"type":"component","version":"1.10.0","id":"7263c7d0-1d6a-45ec-8d85-d4d1d234171b"},"@microsoft/sp-page-context":{"type":"component","version":"1.10.0","id":"1c4541f7-5c31-41aa-9fa8-fbc9dc14c0a8"},"@microsoft/load-themed-styles":{"type":"component","version":"0.1.2","id":"229b8d08-79f3-438b-8c21-4613fc877abd"},"@microsoft/sp-diagnostics":{"type":"component","version":"1.10.0","id":"78359e4b-07c2-43c6-8d0b-d060b4d577e8"},"@microsoft/sp-http":{"type":"component","version":"1.10.0","id":"c07208f0-ea3b-4c1a-9965-ac1b825211a6"},"@microsoft/decorators":{"type":"component","version":"1.10.0","id":"f97266fb-ccb7-430e-9384-4124d05295d3"}}},"isInternal":true},{"id":"f9e737b7-f0df-4597-ba8c-3060f82380db","alias":"SPPropertyPane","componentType":"Library","version":"1.10.0","manifestVersion":2,"loaderConfig":{"entryModuleId":"sp-property-pane","internalModuleBaseUrls":["https://localhost:4321/node_modules/@microsoft/sp-property-pane/"],"scriptResources":{"sp-property-pane":{"type":"localizedPath","defaultPath":"dist/sp-property-pane_en-us.js"},"@microsoft/sp-component-base":{"type":"component","version":"1.10.0","id":"467dc675-7cc5-4709-8aac-78e3b71bd2f6"},"@microsoft/office-ui-fabric-react-bundle":{"type":"component","version":"1.10.0","id":"02a01e42-69ab-403d-8a16-acd128661f8e"},"@microsoft/sp-lodash-subset":{"type":"component","version":"1.10.0","id":"73e1dc6c-8441-42cc-ad47-4bd3659f8a3a"},"@microsoft/sp-core-library":{"type":"component","version":"1.10.0","id":"7263c7d0-1d6a-45ec-8d85-d4d1d234171b"},"react":{"type":"component","version":"16.8.5","id":"0d910c1c-13b9-4e1c-9aa4-b008c5e42d7d","failoverPath":"node_modules/react/dist/react.js"},"react-dom":{"type":"component","version":"16.8.5","id":"aa0a46ec-1505-43cd-a44a-93f3a5aa460a","failoverPath":"node_modules/react-dom/dist/react-dom.js"},"@ms/uifabric-styling-bundle":{"type":"component","version":"0.1.0","id":"17ce0976-e69a-4355-be84-89b69a74717d"},"@microsoft/load-themed-styles":{"type":"component","version":"0.1.2","id":"229b8d08-79f3-438b-8c21-4613fc877abd"},"@microsoft/sp-diagnostics":{"type":"component","version":"1.10.0","id":"78359e4b-07c2-43c6-8d0b-d060b4d577e8"},"@microsoft/decorators":{"type":"component","version":"1.10.0","id":"f97266fb-ccb7-430e-9384-4124d05295d3"}}},"isInternal":true},{"id":"974a7777-0990-4136-8fa6-95d80114c2e0","alias":"SPWebPartBase","componentType":"Library","version":"1.10.0","manifestVersion":2,"preloadComponents":["f9e737b7-f0df-4597-ba8c-3060f82380db"],"loaderConfig":{"entryModuleId":"sp-webpart-base","internalModuleBaseUrls":["https://localhost:4321/node_modules/@microsoft/sp-webpart-base/"],"scriptResources":{"sp-webpart-base":{"type":"localizedPath","defaultPath":"dist/sp-webpart-base_en-us.js"},"@ms/sp-telemetry":{"type":"component","version":"0.8.16","id":"8217e442-8ed3-41fd-957d-b112e841286a"},"@ms/sp-load-themed-styles":{"type":"component","version":"0.1.2","id":"229b8d08-79f3-438b-8c21-4613fc877abd"},"@microsoft/sp-component-base":{"type":"component","version":"1.10.0","id":"467dc675-7cc5-4709-8aac-78e3b71bd2f6"},"@microsoft/sp-loader":{"type":"component","version":"1.10.0","id":"1c6c9123-7aac-41f3-a376-3caea41ed83f"},"@microsoft/sp-lodash-subset":{"type":"component","version":"1.10.0","id":"73e1dc6c-8441-42cc-ad47-4bd3659f8a3a"},"@microsoft/sp-core-library":{"type":"component","version":"1.10.0","id":"7263c7d0-1d6a-45ec-8d85-d4d1d234171b"},"@microsoft/sp-page-context":{"type":"component","version":"1.10.0","id":"1c4541f7-5c31-41aa-9fa8-fbc9dc14c0a8"},"@microsoft/load-themed-styles":{"type":"component","version":"0.1.2","id":"229b8d08-79f3-438b-8c21-4613fc877abd"},"@microsoft/sp-diagnostics":{"type":"component","version":"1.10.0","id":"78359e4b-07c2-43c6-8d0b-d060b4d577e8"},"@microsoft/sp-http":{"type":"component","version":"1.10.0","id":"c07208f0-ea3b-4c1a-9965-ac1b825211a6"},"@microsoft/decorators":{"type":"component","version":"1.10.0","id":"f97266fb-ccb7-430e-9384-4124d05295d3"}}},"isInternal":true},{"id":"bd15691b-f8ad-48ff-b3a5-7ce62e6fac4b","alias":"CNDS-Questionnaire-Designer","componentType":"WebPart","version":"1.0.0","manifestVersion":2,"requiresCustomScript":false,"supportedHosts":["SharePointWebPart"],"preconfiguredEntries":[{"groupId":"5c03119e-3074-46fd-976b-c60198311f41","group":{"default":"CNDS"},"title":{"default":"CNDS.Questionnaire.Wizard"},"description":{"default":"Webpart is made for administrators to setup questionnaire for end users."},"officeFabricIconFontName":"Questionnaire","properties":{"description":"CNDS Questionnaire Designer"}}],"loaderConfig":{"entryModuleId":"questionnaire-designer","internalModuleBaseUrls":["https://localhost:4321/"],"scriptResources":{"questionnaire-designer":{"type":"path","path":"dist/questionnaire-designer.js"},"questionnaire-wizard-locale":{"defaultPath":"lib/webparts/questionnaire_designer/locale/en-us.js","type":"localizedPath","paths":{}},"@microsoft/sp-core-library":{"type":"component","version":"1.10.0","id":"7263c7d0-1d6a-45ec-8d85-d4d1d234171b"},"@microsoft/sp-webpart-base":{"type":"component","version":"1.10.0","id":"974a7777-0990-4136-8fa6-95d80114c2e0"},"react":{"type":"component","version":"16.8.5","id":"0d910c1c-13b9-4e1c-9aa4-b008c5e42d7d","failoverPath":"node_modules/react/dist/react.js"},"react-dom":{"type":"component","version":"16.8.5","id":"aa0a46ec-1505-43cd-a44a-93f3a5aa460a","failoverPath":"node_modules/react-dom/dist/react-dom.js"}}}},{"id":"bd15691b-f8ad-48ff-b3a5-7ce62e6fac4c","alias":"CNDS-Questionnaire-Form","componentType":"WebPart","version":"1.0.0","manifestVersion":2,"requiresCustomScript":false,"supportedHosts":["SharePointWebPart"],"preconfiguredEntries":[{"groupId":"5c03119e-3074-46fd-976b-c60198311f41","group":{"default":"CNDS"},"title":{"default":"CNDS.Questionnaire.Form"},"description":{"default":"Webpart is made for end users to submit questionnaire."},"officeFabricIconFontName":"Questionnaire","properties":{"description":"CNDS Questionnaire Form"}}],"loaderConfig":{"entryModuleId":"questionnaire-form","internalModuleBaseUrls":["https://localhost:4321/"],"scriptResources":{"questionnaire-form":{"type":"path","path":"dist/questionnaire-form.js"},"questionnaire-form-locale":{"defaultPath":"lib/webparts/questionnaire_form/locale/en-us.js","type":"localizedPath","paths":{"de-DE":"lib/webparts/questionnaire_form/locale/de-de.js","de":"lib/webparts/questionnaire_form/locale/de-de.js","dsb":"lib/webparts/questionnaire_form/locale/de-de.js","rm":"lib/webparts/questionnaire_form/locale/de-de.js","hsb":"lib/webparts/questionnaire_form/locale/de-de.js","en-US":"lib/webparts/questionnaire_form/locale/en-us.js","bn":"lib/webparts/questionnaire_form/locale/en-us.js","chr":"lib/webparts/questionnaire_form/locale/en-us.js","dv":"lib/webparts/questionnaire_form/locale/en-us.js","div":"lib/webparts/questionnaire_form/locale/en-us.js","en":"lib/webparts/questionnaire_form/locale/en-us.js","fil":"lib/webparts/questionnaire_form/locale/en-us.js","haw":"lib/webparts/questionnaire_form/locale/en-us.js","iu":"lib/webparts/questionnaire_form/locale/en-us.js","lo":"lib/webparts/questionnaire_form/locale/en-us.js","moh":"lib/webparts/questionnaire_form/locale/en-us.js","es-ES":"lib/webparts/questionnaire_form/locale/es-es.js","gn":"lib/webparts/questionnaire_form/locale/es-es.js","quz":"lib/webparts/questionnaire_form/locale/es-es.js","es":"lib/webparts/questionnaire_form/locale/es-es.js","ca-ES-valencia":"lib/webparts/questionnaire_form/locale/es-es.js","fr-FR":"lib/webparts/questionnaire_form/locale/fr-fr.js","gsw":"lib/webparts/questionnaire_form/locale/fr-fr.js","br":"lib/webparts/questionnaire_form/locale/fr-fr.js","tzm-Tfng":"lib/webparts/questionnaire_form/locale/fr-fr.js","co":"lib/webparts/questionnaire_form/locale/fr-fr.js","fr":"lib/webparts/questionnaire_form/locale/fr-fr.js","ff":"lib/webparts/questionnaire_form/locale/fr-fr.js","lb":"lib/webparts/questionnaire_form/locale/fr-fr.js","mg":"lib/webparts/questionnaire_form/locale/fr-fr.js","oc":"lib/webparts/questionnaire_form/locale/fr-fr.js","zgh":"lib/webparts/questionnaire_form/locale/fr-fr.js","wo":"lib/webparts/questionnaire_form/locale/fr-fr.js","it-IT":"lib/webparts/questionnaire_form/locale/it-it.js","it":"lib/webparts/questionnaire_form/locale/it-it.js","ja-JP":"lib/webparts/questionnaire_form/locale/ja-jp.js","ko-KR":"lib/webparts/questionnaire_form/locale/ko-kr.js","ru-RU":"lib/webparts/questionnaire_form/locale/ru-ru.js","ru":"lib/webparts/questionnaire_form/locale/ru-ru.js","ba":"lib/webparts/questionnaire_form/locale/ru-ru.js","be":"lib/webparts/questionnaire_form/locale/ru-ru.js","ky":"lib/webparts/questionnaire_form/locale/ru-ru.js","mn":"lib/webparts/questionnaire_form/locale/ru-ru.js","sah":"lib/webparts/questionnaire_form/locale/ru-ru.js","tg":"lib/webparts/questionnaire_form/locale/ru-ru.js","tt":"lib/webparts/questionnaire_form/locale/ru-ru.js","tk":"lib/webparts/questionnaire_form/locale/ru-ru.js","zh-CN":"lib/webparts/questionnaire_form/locale/zh-cn.js","zh":"lib/webparts/questionnaire_form/locale/zh-cn.js","mn-Mong":"lib/webparts/questionnaire_form/locale/zh-cn.js","bo":"lib/webparts/questionnaire_form/locale/zh-cn.js","ug":"lib/webparts/questionnaire_form/locale/zh-cn.js","ii":"lib/webparts/questionnaire_form/locale/zh-cn.js"}},"@microsoft/sp-core-library":{"type":"component","version":"1.10.0","id":"7263c7d0-1d6a-45ec-8d85-d4d1d234171b"},"@microsoft/sp-webpart-base":{"type":"component","version":"1.10.0","id":"974a7777-0990-4136-8fa6-95d80114c2e0"},"react":{"type":"component","version":"16.8.5","id":"0d910c1c-13b9-4e1c-9aa4-b008c5e42d7d","failoverPath":"node_modules/react/dist/react.js"},"react-dom":{"type":"component","version":"16.8.5","id":"aa0a46ec-1505-43cd-a44a-93f3a5aa460a","failoverPath":"node_modules/react-dom/dist/react-dom.js"}}}},{"id":"bd15691b-f8ad-48ff-b3a5-7ce62e6fac4d","alias":"CNDS-Central-Administration","componentType":"WebPart","version":"1.0.0","manifestVersion":2,"requiresCustomScript":false,"supportedHosts":["SharePointWebPart"],"preconfiguredEntries":[{"groupId":"5c03119e-3074-46fd-976b-c60198311f41","group":{"default":"CNDS"},"title":{"default":"CNDS.Central.Administration"},"description":{"default":"Webpart is made for administrators to manage the application."},"officeFabricIconFontName":"Questionnaire","properties":{"description":"CNDS Central Administration"}}],"loaderConfig":{"entryModuleId":"questionnaire-admin","internalModuleBaseUrls":["https://localhost:4321/"],"scriptResources":{"questionnaire-admin":{"type":"path","path":"dist/questionnaire-admin.js"},"questionnaire-manage-locale":{"defaultPath":"lib/webparts/questionnaire_admin/locale/en-us.js","type":"localizedPath","paths":{}},"ControlStrings":{"defaultPath":"node_modules/@pnp/spfx-controls-react/lib/loc/en-us.js","type":"localizedPath","paths":{"bg-BG":"node_modules/@pnp/spfx-controls-react/lib/loc/bg-bg.js","ca-ES":"node_modules/@pnp/spfx-controls-react/lib/loc/ca-es.js","da-DK":"node_modules/@pnp/spfx-controls-react/lib/loc/da-dk.js","fo":"node_modules/@pnp/spfx-controls-react/lib/loc/da-dk.js","kl":"node_modules/@pnp/spfx-controls-react/lib/loc/da-dk.js","de-DE":"node_modules/@pnp/spfx-controls-react/lib/loc/de-de.js","de":"node_modules/@pnp/spfx-controls-react/lib/loc/de-de.js","dsb":"node_modules/@pnp/spfx-controls-react/lib/loc/de-de.js","rm":"node_modules/@pnp/spfx-controls-react/lib/loc/de-de.js","hsb":"node_modules/@pnp/spfx-controls-react/lib/loc/de-de.js","el-GR":"node_modules/@pnp/spfx-controls-react/lib/loc/el-gr.js","el":"node_modules/@pnp/spfx-controls-react/lib/loc/el-gr.js","en-US":"node_modules/@pnp/spfx-controls-react/lib/loc/en-us.js","bn":"node_modules/@pnp/spfx-controls-react/lib/loc/en-us.js","chr":"node_modules/@pnp/spfx-controls-react/lib/loc/en-us.js","dv":"node_modules/@pnp/spfx-controls-react/lib/loc/en-us.js","div":"node_modules/@pnp/spfx-controls-react/lib/loc/en-us.js","en":"node_modules/@pnp/spfx-controls-react/lib/loc/en-us.js","fil":"node_modules/@pnp/spfx-controls-react/lib/loc/en-us.js","haw":"node_modules/@pnp/spfx-controls-react/lib/loc/en-us.js","iu":"node_modules/@pnp/spfx-controls-react/lib/loc/en-us.js","lo":"node_modules/@pnp/spfx-controls-react/lib/loc/en-us.js","moh":"node_modules/@pnp/spfx-controls-react/lib/loc/en-us.js","es-ES":"node_modules/@pnp/spfx-controls-react/lib/loc/es-es.js","gn":"node_modules/@pnp/spfx-controls-react/lib/loc/es-es.js","quz":"node_modules/@pnp/spfx-controls-react/lib/loc/es-es.js","es":"node_modules/@pnp/spfx-controls-react/lib/loc/es-es.js","ca-ES-valencia":"node_modules/@pnp/spfx-controls-react/lib/loc/es-es.js","et-EE":"node_modules/@pnp/spfx-controls-react/lib/loc/et-ee.js","eu-ES":"node_modules/@pnp/spfx-controls-react/lib/loc/eu-es.js","fi-FI":"node_modules/@pnp/spfx-controls-react/lib/loc/fi-fi.js","sms":"node_modules/@pnp/spfx-controls-react/lib/loc/fi-fi.js","se-FI":"node_modules/@pnp/spfx-controls-react/lib/loc/fi-fi.js","se-Latn-FI":"node_modules/@pnp/spfx-controls-react/lib/loc/fi-fi.js","fr-FR":"node_modules/@pnp/spfx-controls-react/lib/loc/fr-fr.js","gsw":"node_modules/@pnp/spfx-controls-react/lib/loc/fr-fr.js","br":"node_modules/@pnp/spfx-controls-react/lib/loc/fr-fr.js","tzm-Tfng":"node_modules/@pnp/spfx-controls-react/lib/loc/fr-fr.js","co":"node_modules/@pnp/spfx-controls-react/lib/loc/fr-fr.js","fr":"node_modules/@pnp/spfx-controls-react/lib/loc/fr-fr.js","ff":"node_modules/@pnp/spfx-controls-react/lib/loc/fr-fr.js","lb":"node_modules/@pnp/spfx-controls-react/lib/loc/fr-fr.js","mg":"node_modules/@pnp/spfx-controls-react/lib/loc/fr-fr.js","oc":"node_modules/@pnp/spfx-controls-react/lib/loc/fr-fr.js","zgh":"node_modules/@pnp/spfx-controls-react/lib/loc/fr-fr.js","wo":"node_modules/@pnp/spfx-controls-react/lib/loc/fr-fr.js","it-IT":"node_modules/@pnp/spfx-controls-react/lib/loc/it-it.js","it":"node_modules/@pnp/spfx-controls-react/lib/loc/it-it.js","ja-JP":"node_modules/@pnp/spfx-controls-react/lib/loc/ja-jp.js","lt-LT":"node_modules/@pnp/spfx-controls-react/lib/loc/lt-lt.js","lv-LV":"node_modules/@pnp/spfx-controls-react/lib/loc/lv-lv.js","nb-NO":"node_modules/@pnp/spfx-controls-react/lib/loc/nb-no.js","no":"node_modules/@pnp/spfx-controls-react/lib/loc/nb-no.js","nb":"node_modules/@pnp/spfx-controls-react/lib/loc/nb-no.js","nn":"node_modules/@pnp/spfx-controls-react/lib/loc/nb-no.js","smj-NO":"node_modules/@pnp/spfx-controls-react/lib/loc/nb-no.js","smj-Latn-NO":"node_modules/@pnp/spfx-controls-react/lib/loc/nb-no.js","se-NO":"node_modules/@pnp/spfx-controls-react/lib/loc/nb-no.js","se-Latn-NO":"node_modules/@pnp/spfx-controls-react/lib/loc/nb-no.js","sma-Latn":"node_modules/@pnp/spfx-controls-react/lib/loc/nb-no.js","sma-NO":"node_modules/@pnp/spfx-controls-react/lib/loc/nb-no.js","nl-NL":"node_modules/@pnp/spfx-controls-react/lib/loc/nl-nl.js","nl":"node_modules/@pnp/spfx-controls-react/lib/loc/nl-nl.js","fy":"node_modules/@pnp/spfx-controls-react/lib/loc/nl-nl.js","pl-PL":"node_modules/@pnp/spfx-controls-react/lib/loc/pl-pl.js","pt-PT":"node_modules/@pnp/spfx-controls-react/lib/loc/pt-pt.js","pt":"node_modules/@pnp/spfx-controls-react/lib/loc/pt-pt.js","ro-RO":"node_modules/@pnp/spfx-controls-react/lib/loc/ro-ro.js","ro":"node_modules/@pnp/spfx-controls-react/lib/loc/ro-ro.js","ru-RU":"node_modules/@pnp/spfx-controls-react/lib/loc/ru-ru.js","ru":"node_modules/@pnp/spfx-controls-react/lib/loc/ru-ru.js","ba":"node_modules/@pnp/spfx-controls-react/lib/loc/ru-ru.js","be":"node_modules/@pnp/spfx-controls-react/lib/loc/ru-ru.js","ky":"node_modules/@pnp/spfx-controls-react/lib/loc/ru-ru.js","mn":"node_modules/@pnp/spfx-controls-react/lib/loc/ru-ru.js","sah":"node_modules/@pnp/spfx-controls-react/lib/loc/ru-ru.js","tg":"node_modules/@pnp/spfx-controls-react/lib/loc/ru-ru.js","tt":"node_modules/@pnp/spfx-controls-react/lib/loc/ru-ru.js","tk":"node_modules/@pnp/spfx-controls-react/lib/loc/ru-ru.js","sk-SK":"node_modules/@pnp/spfx-controls-react/lib/loc/sk-sk.js","sk":"node_modules/@pnp/spfx-controls-react/lib/loc/sk-sk.js","sr-Latn-RS":"node_modules/@pnp/spfx-controls-react/lib/loc/sr-latn-rs.js","sr":"node_modules/@pnp/spfx-controls-react/lib/loc/sr-latn-rs.js","sv-SE":"node_modules/@pnp/spfx-controls-react/lib/loc/sv-se.js","smj":"node_modules/@pnp/spfx-controls-react/lib/loc/sv-se.js","se":"node_modules/@pnp/spfx-controls-react/lib/loc/sv-se.js","sv":"node_modules/@pnp/spfx-controls-react/lib/loc/sv-se.js","sma-SE":"node_modules/@pnp/spfx-controls-react/lib/loc/sv-se.js","sma-Latn-SE":"node_modules/@pnp/spfx-controls-react/lib/loc/sv-se.js","tr-TR":"node_modules/@pnp/spfx-controls-react/lib/loc/tr-tr.js","tr":"node_modules/@pnp/spfx-controls-react/lib/loc/tr-tr.js","vi-VN":"node_modules/@pnp/spfx-controls-react/lib/loc/vi-vn.js","vi":"node_modules/@pnp/spfx-controls-react/lib/loc/vi-vn.js","zh-CN":"node_modules/@pnp/spfx-controls-react/lib/loc/zh-cn.js","zh":"node_modules/@pnp/spfx-controls-react/lib/loc/zh-cn.js","mn-Mong":"node_modules/@pnp/spfx-controls-react/lib/loc/zh-cn.js","bo":"node_modules/@pnp/spfx-controls-react/lib/loc/zh-cn.js","ug":"node_modules/@pnp/spfx-controls-react/lib/loc/zh-cn.js","ii":"node_modules/@pnp/spfx-controls-react/lib/loc/zh-cn.js","zh-TW":"node_modules/@pnp/spfx-controls-react/lib/loc/zh-tw.js","zh-HK":"node_modules/@pnp/spfx-controls-react/lib/loc/zh-tw.js","zh-CHT":"node_modules/@pnp/spfx-controls-react/lib/loc/zh-tw.js","zh-Hant":"node_modules/@pnp/spfx-controls-react/lib/loc/zh-tw.js","zh-MO":"node_modules/@pnp/spfx-controls-react/lib/loc/zh-tw.js"}},"@microsoft/sp-lodash-subset":{"type":"component","version":"1.10.0","id":"73e1dc6c-8441-42cc-ad47-4bd3659f8a3a"},"@microsoft/sp-core-library":{"type":"component","version":"1.10.0","id":"7263c7d0-1d6a-45ec-8d85-d4d1d234171b"},"@microsoft/sp-webpart-base":{"type":"component","version":"1.10.0","id":"974a7777-0990-4136-8fa6-95d80114c2e0"},"react":{"type":"component","version":"16.8.5","id":"0d910c1c-13b9-4e1c-9aa4-b008c5e42d7d","failoverPath":"node_modules/react/dist/react.js"},"react-dom":{"type":"component","version":"16.8.5","id":"aa0a46ec-1505-43cd-a44a-93f3a5aa460a","failoverPath":"node_modules/react-dom/dist/react-dom.js"},"@microsoft/sp-http":{"type":"component","version":"1.10.0","id":"c07208f0-ea3b-4c1a-9965-ac1b825211a6"}}}},{"id":"bd15691b-f8ad-48ff-b3a5-7ce62e6fac4e","alias":"CNDS-Questionnaire-Notification","componentType":"WebPart","version":"1.0.0","manifestVersion":2,"requiresCustomScript":false,"supportedHosts":["SharePointWebPart"],"preconfiguredEntries":[{"groupId":"5c03119e-3074-46fd-976b-c60198311f41","group":{"default":"CNDS"},"title":{"default":"CNDS.Questionnaire.Notification"},"description":{"default":"Webpart is made for administrators to send notifications & reminders."},"officeFabricIconFontName":"Questionnaire","properties":{"description":"CNDS Questionnaire Notification"}}],"loaderConfig":{"entryModuleId":"questionnaire-notification","internalModuleBaseUrls":["https://localhost:4321/"],"scriptResources":{"questionnaire-notification":{"type":"path","path":"dist/questionnaire-notification.js"},"questionnaire-notifier-locale":{"defaultPath":"lib/webparts/questionnaire_notification/locale/en-us.js","type":"localizedPath","paths":{}},"ControlStrings":{"defaultPath":"node_modules/@pnp/spfx-controls-react/lib/loc/en-us.js","type":"localizedPath","paths":{"bg-BG":"node_modules/@pnp/spfx-controls-react/lib/loc/bg-bg.js","ca-ES":"node_modules/@pnp/spfx-controls-react/lib/loc/ca-es.js","da-DK":"node_modules/@pnp/spfx-controls-react/lib/loc/da-dk.js","fo":"node_modules/@pnp/spfx-controls-react/lib/loc/da-dk.js","kl":"node_modules/@pnp/spfx-controls-react/lib/loc/da-dk.js","de-DE":"node_modules/@pnp/spfx-controls-react/lib/loc/de-de.js","de":"node_modules/@pnp/spfx-controls-react/lib/loc/de-de.js","dsb":"node_modules/@pnp/spfx-controls-react/lib/loc/de-de.js","rm":"node_modules/@pnp/spfx-controls-react/lib/loc/de-de.js","hsb":"node_modules/@pnp/spfx-controls-react/lib/loc/de-de.js","el-GR":"node_modules/@pnp/spfx-controls-react/lib/loc/el-gr.js","el":"node_modules/@pnp/spfx-controls-react/lib/loc/el-gr.js","en-US":"node_modules/@pnp/spfx-controls-react/lib/loc/en-us.js","bn":"node_modules/@pnp/spfx-controls-react/lib/loc/en-us.js","chr":"node_modules/@pnp/spfx-controls-react/lib/loc/en-us.js","dv":"node_modules/@pnp/spfx-controls-react/lib/loc/en-us.js","div":"node_modules/@pnp/spfx-controls-react/lib/loc/en-us.js","en":"node_modules/@pnp/spfx-controls-react/lib/loc/en-us.js","fil":"node_modules/@pnp/spfx-controls-react/lib/loc/en-us.js","haw":"node_modules/@pnp/spfx-controls-react/lib/loc/en-us.js","iu":"node_modules/@pnp/spfx-controls-react/lib/loc/en-us.js","lo":"node_modules/@pnp/spfx-controls-react/lib/loc/en-us.js","moh":"node_modules/@pnp/spfx-controls-react/lib/loc/en-us.js","es-ES":"node_modules/@pnp/spfx-controls-react/lib/loc/es-es.js","gn":"node_modules/@pnp/spfx-controls-react/lib/loc/es-es.js","quz":"node_modules/@pnp/spfx-controls-react/lib/loc/es-es.js","es":"node_modules/@pnp/spfx-controls-react/lib/loc/es-es.js","ca-ES-valencia":"node_modules/@pnp/spfx-controls-react/lib/loc/es-es.js","et-EE":"node_modules/@pnp/spfx-controls-react/lib/loc/et-ee.js","eu-ES":"node_modules/@pnp/spfx-controls-react/lib/loc/eu-es.js","fi-FI":"node_modules/@pnp/spfx-controls-react/lib/loc/fi-fi.js","sms":"node_modules/@pnp/spfx-controls-react/lib/loc/fi-fi.js","se-FI":"node_modules/@pnp/spfx-controls-react/lib/loc/fi-fi.js","se-Latn-FI":"node_modules/@pnp/spfx-controls-react/lib/loc/fi-fi.js","fr-FR":"node_modules/@pnp/spfx-controls-react/lib/loc/fr-fr.js","gsw":"node_modules/@pnp/spfx-controls-react/lib/loc/fr-fr.js","br":"node_modules/@pnp/spfx-controls-react/lib/loc/fr-fr.js","tzm-Tfng":"node_modules/@pnp/spfx-controls-react/lib/loc/fr-fr.js","co":"node_modules/@pnp/spfx-controls-react/lib/loc/fr-fr.js","fr":"node_modules/@pnp/spfx-controls-react/lib/loc/fr-fr.js","ff":"node_modules/@pnp/spfx-controls-react/lib/loc/fr-fr.js","lb":"node_modules/@pnp/spfx-controls-react/lib/loc/fr-fr.js","mg":"node_modules/@pnp/spfx-controls-react/lib/loc/fr-fr.js","oc":"node_modules/@pnp/spfx-controls-react/lib/loc/fr-fr.js","zgh":"node_modules/@pnp/spfx-controls-react/lib/loc/fr-fr.js","wo":"node_modules/@pnp/spfx-controls-react/lib/loc/fr-fr.js","it-IT":"node_modules/@pnp/spfx-controls-react/lib/loc/it-it.js","it":"node_modules/@pnp/spfx-controls-react/lib/loc/it-it.js","ja-JP":"node_modules/@pnp/spfx-controls-react/lib/loc/ja-jp.js","lt-LT":"node_modules/@pnp/spfx-controls-react/lib/loc/lt-lt.js","lv-LV":"node_modules/@pnp/spfx-controls-react/lib/loc/lv-lv.js","nb-NO":"node_modules/@pnp/spfx-controls-react/lib/loc/nb-no.js","no":"node_modules/@pnp/spfx-controls-react/lib/loc/nb-no.js","nb":"node_modules/@pnp/spfx-controls-react/lib/loc/nb-no.js","nn":"node_modules/@pnp/spfx-controls-react/lib/loc/nb-no.js","smj-NO":"node_modules/@pnp/spfx-controls-react/lib/loc/nb-no.js","smj-Latn-NO":"node_modules/@pnp/spfx-controls-react/lib/loc/nb-no.js","se-NO":"node_modules/@pnp/spfx-controls-react/lib/loc/nb-no.js","se-Latn-NO":"node_modules/@pnp/spfx-controls-react/lib/loc/nb-no.js","sma-Latn":"node_modules/@pnp/spfx-controls-react/lib/loc/nb-no.js","sma-NO":"node_modules/@pnp/spfx-controls-react/lib/loc/nb-no.js","nl-NL":"node_modules/@pnp/spfx-controls-react/lib/loc/nl-nl.js","nl":"node_modules/@pnp/spfx-controls-react/lib/loc/nl-nl.js","fy":"node_modules/@pnp/spfx-controls-react/lib/loc/nl-nl.js","pl-PL":"node_modules/@pnp/spfx-controls-react/lib/loc/pl-pl.js","pt-PT":"node_modules/@pnp/spfx-controls-react/lib/loc/pt-pt.js","pt":"node_modules/@pnp/spfx-controls-react/lib/loc/pt-pt.js","ro-RO":"node_modules/@pnp/spfx-controls-react/lib/loc/ro-ro.js","ro":"node_modules/@pnp/spfx-controls-react/lib/loc/ro-ro.js","ru-RU":"node_modules/@pnp/spfx-controls-react/lib/loc/ru-ru.js","ru":"node_modules/@pnp/spfx-controls-react/lib/loc/ru-ru.js","ba":"node_modules/@pnp/spfx-controls-react/lib/loc/ru-ru.js","be":"node_modules/@pnp/spfx-controls-react/lib/loc/ru-ru.js","ky":"node_modules/@pnp/spfx-controls-react/lib/loc/ru-ru.js","mn":"node_modules/@pnp/spfx-controls-react/lib/loc/ru-ru.js","sah":"node_modules/@pnp/spfx-controls-react/lib/loc/ru-ru.js","tg":"node_modules/@pnp/spfx-controls-react/lib/loc/ru-ru.js","tt":"node_modules/@pnp/spfx-controls-react/lib/loc/ru-ru.js","tk":"node_modules/@pnp/spfx-controls-react/lib/loc/ru-ru.js","sk-SK":"node_modules/@pnp/spfx-controls-react/lib/loc/sk-sk.js","sk":"node_modules/@pnp/spfx-controls-react/lib/loc/sk-sk.js","sr-Latn-RS":"node_modules/@pnp/spfx-controls-react/lib/loc/sr-latn-rs.js","sr":"node_modules/@pnp/spfx-controls-react/lib/loc/sr-latn-rs.js","sv-SE":"node_modules/@pnp/spfx-controls-react/lib/loc/sv-se.js","smj":"node_modules/@pnp/spfx-controls-react/lib/loc/sv-se.js","se":"node_modules/@pnp/spfx-controls-react/lib/loc/sv-se.js","sv":"node_modules/@pnp/spfx-controls-react/lib/loc/sv-se.js","sma-SE":"node_modules/@pnp/spfx-controls-react/lib/loc/sv-se.js","sma-Latn-SE":"node_modules/@pnp/spfx-controls-react/lib/loc/sv-se.js","tr-TR":"node_modules/@pnp/spfx-controls-react/lib/loc/tr-tr.js","tr":"node_modules/@pnp/spfx-controls-react/lib/loc/tr-tr.js","vi-VN":"node_modules/@pnp/spfx-controls-react/lib/loc/vi-vn.js","vi":"node_modules/@pnp/spfx-controls-react/lib/loc/vi-vn.js","zh-CN":"node_modules/@pnp/spfx-controls-react/lib/loc/zh-cn.js","zh":"node_modules/@pnp/spfx-controls-react/lib/loc/zh-cn.js","mn-Mong":"node_modules/@pnp/spfx-controls-react/lib/loc/zh-cn.js","bo":"node_modules/@pnp/spfx-controls-react/lib/loc/zh-cn.js","ug":"node_modules/@pnp/spfx-controls-react/lib/loc/zh-cn.js","ii":"node_modules/@pnp/spfx-controls-react/lib/loc/zh-cn.js","zh-TW":"node_modules/@pnp/spfx-controls-react/lib/loc/zh-tw.js","zh-HK":"node_modules/@pnp/spfx-controls-react/lib/loc/zh-tw.js","zh-CHT":"node_modules/@pnp/spfx-controls-react/lib/loc/zh-tw.js","zh-Hant":"node_modules/@pnp/spfx-controls-react/lib/loc/zh-tw.js","zh-MO":"node_modules/@pnp/spfx-controls-react/lib/loc/zh-tw.js"}},"@microsoft/sp-lodash-subset":{"type":"component","version":"1.10.0","id":"73e1dc6c-8441-42cc-ad47-4bd3659f8a3a"},"@microsoft/sp-core-library":{"type":"component","version":"1.10.0","id":"7263c7d0-1d6a-45ec-8d85-d4d1d234171b"},"@microsoft/sp-webpart-base":{"type":"component","version":"1.10.0","id":"974a7777-0990-4136-8fa6-95d80114c2e0"},"react":{"type":"component","version":"16.8.5","id":"0d910c1c-13b9-4e1c-9aa4-b008c5e42d7d","failoverPath":"node_modules/react/dist/react.js"},"react-dom":{"type":"component","version":"16.8.5","id":"aa0a46ec-1505-43cd-a44a-93f3a5aa460a","failoverPath":"node_modules/react-dom/dist/react-dom.js"},"@microsoft/sp-http":{"type":"component","version":"1.10.0","id":"c07208f0-ea3b-4c1a-9965-ac1b825211a6"}}}}]