{"id":"bd15691b-f8ad-48ff-b3a5-7ce62e6fac4b","alias":"CNDS-Questionnaire-Designer","componentType":"WebPart","version":"1.0.0","manifestVersion":2,"requiresCustomScript":false,"supportedHosts":["SharePointWebPart"],"preconfiguredEntries":[{"groupId":"5c03119e-3074-46fd-976b-c60198311f41","group":{"default":"CNDS"},"title":{"default":"CNDS.Questionnaire.Wizard"},"description":{"default":"Webpart is made for administrators to setup questionnaire for end users."},"officeFabricIconFontName":"Questionnaire","properties":{"description":"CNDS Questionnaire Designer"}}],"loaderConfig":{"entryModuleId":"questionnaire-designer","internalModuleBaseUrls":["<!-- PATH TO CDN -->/"],"scriptResources":{"questionnaire-designer":{"type":"path","path":"questionnaire-designer_6bda1694fe20db64a451468a07746ded.js"},"questionnaire-wizard-locale":{"defaultPath":"cnds_app-questionnaire-wizard-locale_en-us_6af4085e4084a760ae1ea74fd32c74a0.js","type":"localizedPath","paths":{}},"@microsoft/sp-core-library":{"type":"component","version":"1.10.0","id":"7263c7d0-1d6a-45ec-8d85-d4d1d234171b"},"@microsoft/sp-webpart-base":{"type":"component","version":"1.10.0","id":"974a7777-0990-4136-8fa6-95d80114c2e0"},"react":{"type":"component","version":"16.8.5","id":"0d910c1c-13b9-4e1c-9aa4-b008c5e42d7d"},"react-dom":{"type":"component","version":"16.8.5","id":"aa0a46ec-1505-43cd-a44a-93f3a5aa460a"}}}}