{"id":"bd15691b-f8ad-48ff-b3a5-7ce62e6fac4e","alias":"CNDS-Questionnaire-Notification","componentType":"WebPart","version":"1.0.0","manifestVersion":2,"requiresCustomScript":false,"supportedHosts":["SharePointWebPart"],"preconfiguredEntries":[{"groupId":"5c03119e-3074-46fd-976b-c60198311f41","group":{"default":"CNDS"},"title":{"default":"CNDS.Questionnaire.Notification"},"description":{"default":"Webpart is made for administrators to send notifications & reminders."},"officeFabricIconFontName":"Questionnaire","properties":{"description":"CNDS Questionnaire Notification"}}],"loaderConfig":{"entryModuleId":"questionnaire-notification","internalModuleBaseUrls":["<!-- PATH TO CDN -->/"],"scriptResources":{"questionnaire-notification":{"type":"path","path":"questionnaire-notification_57277016ed1ca22ba9ab2d68525eb177.js"},"questionnaire-notifier-locale":{"defaultPath":"cnds_app-questionnaire-notifier-locale_en-us_c14e9f0881811269e7fc9bded44e0255.js","type":"localizedPath","paths":{}},"ControlStrings":{"defaultPath":"cnds_app-controlstrings_en-us_52a6ba12e17213cb432213e7a90b16e0.js","type":"localizedPath","paths":{"eu-ES":"cnds_app-controlstrings_eu-es_bdd4fbcb9c89d185f22bedcf3fee3629.js","ca-ES":"cnds_app-controlstrings_ca-es_dc3f0ad29e655ac369102af722cafd83.js","bg-BG":"cnds_app-controlstrings_bg-bg_a9b15a20b85c9f00d24e4369557c5892.js","de-DE":"cnds_app-controlstrings_de-de_9a766dd8ab90c170379f35d0d3afc0fb.js","de":"cnds_app-controlstrings_de-de_9a766dd8ab90c170379f35d0d3afc0fb.js","dsb":"cnds_app-controlstrings_de-de_9a766dd8ab90c170379f35d0d3afc0fb.js","rm":"cnds_app-controlstrings_de-de_9a766dd8ab90c170379f35d0d3afc0fb.js","hsb":"cnds_app-controlstrings_de-de_9a766dd8ab90c170379f35d0d3afc0fb.js","en-US":"cnds_app-controlstrings_en-us_52a6ba12e17213cb432213e7a90b16e0.js","bn":"cnds_app-controlstrings_en-us_52a6ba12e17213cb432213e7a90b16e0.js","chr":"cnds_app-controlstrings_en-us_52a6ba12e17213cb432213e7a90b16e0.js","dv":"cnds_app-controlstrings_en-us_52a6ba12e17213cb432213e7a90b16e0.js","div":"cnds_app-controlstrings_en-us_52a6ba12e17213cb432213e7a90b16e0.js","en":"cnds_app-controlstrings_en-us_52a6ba12e17213cb432213e7a90b16e0.js","fil":"cnds_app-controlstrings_en-us_52a6ba12e17213cb432213e7a90b16e0.js","haw":"cnds_app-controlstrings_en-us_52a6ba12e17213cb432213e7a90b16e0.js","iu":"cnds_app-controlstrings_en-us_52a6ba12e17213cb432213e7a90b16e0.js","lo":"cnds_app-controlstrings_en-us_52a6ba12e17213cb432213e7a90b16e0.js","moh":"cnds_app-controlstrings_en-us_52a6ba12e17213cb432213e7a90b16e0.js","da-DK":"cnds_app-controlstrings_da-dk_3260556e8721bde8a2a6a1b1b8e80840.js","fo":"cnds_app-controlstrings_da-dk_3260556e8721bde8a2a6a1b1b8e80840.js","kl":"cnds_app-controlstrings_da-dk_3260556e8721bde8a2a6a1b1b8e80840.js","el-GR":"cnds_app-controlstrings_el-gr_5ae3489252e25fb4702534b3a83d61fa.js","el":"cnds_app-controlstrings_el-gr_5ae3489252e25fb4702534b3a83d61fa.js","es-ES":"cnds_app-controlstrings_es-es_8cb23ff0f88fe73f36b12da9f8006f97.js","gn":"cnds_app-controlstrings_es-es_8cb23ff0f88fe73f36b12da9f8006f97.js","quz":"cnds_app-controlstrings_es-es_8cb23ff0f88fe73f36b12da9f8006f97.js","es":"cnds_app-controlstrings_es-es_8cb23ff0f88fe73f36b12da9f8006f97.js","ca-ES-valencia":"cnds_app-controlstrings_es-es_8cb23ff0f88fe73f36b12da9f8006f97.js","fi-FI":"cnds_app-controlstrings_fi-fi_24d6371e03a870f0e109f4c15618ad90.js","sms":"cnds_app-controlstrings_fi-fi_24d6371e03a870f0e109f4c15618ad90.js","se-FI":"cnds_app-controlstrings_fi-fi_24d6371e03a870f0e109f4c15618ad90.js","se-Latn-FI":"cnds_app-controlstrings_fi-fi_24d6371e03a870f0e109f4c15618ad90.js","fr-FR":"cnds_app-controlstrings_fr-fr_15da3cc89610a122954d0b8ab383354b.js","gsw":"cnds_app-controlstrings_fr-fr_15da3cc89610a122954d0b8ab383354b.js","br":"cnds_app-controlstrings_fr-fr_15da3cc89610a122954d0b8ab383354b.js","tzm-Tfng":"cnds_app-controlstrings_fr-fr_15da3cc89610a122954d0b8ab383354b.js","co":"cnds_app-controlstrings_fr-fr_15da3cc89610a122954d0b8ab383354b.js","fr":"cnds_app-controlstrings_fr-fr_15da3cc89610a122954d0b8ab383354b.js","ff":"cnds_app-controlstrings_fr-fr_15da3cc89610a122954d0b8ab383354b.js","lb":"cnds_app-controlstrings_fr-fr_15da3cc89610a122954d0b8ab383354b.js","mg":"cnds_app-controlstrings_fr-fr_15da3cc89610a122954d0b8ab383354b.js","oc":"cnds_app-controlstrings_fr-fr_15da3cc89610a122954d0b8ab383354b.js","zgh":"cnds_app-controlstrings_fr-fr_15da3cc89610a122954d0b8ab383354b.js","wo":"cnds_app-controlstrings_fr-fr_15da3cc89610a122954d0b8ab383354b.js","ja-JP":"cnds_app-controlstrings_ja-jp_b742108dce098f43ddea1f6011e2e1ed.js","et-EE":"cnds_app-controlstrings_et-ee_d1870543fdd9679b132e64615cd4a8a6.js","it-IT":"cnds_app-controlstrings_it-it_bbbd3ae1b65e3fe980e1a5fb5b430195.js","it":"cnds_app-controlstrings_it-it_bbbd3ae1b65e3fe980e1a5fb5b430195.js","lv-LV":"cnds_app-controlstrings_lv-lv_d7aa363e090ef1cb9743ebec4d7f8002.js","lt-LT":"cnds_app-controlstrings_lt-lt_bc4f9fc40394595d2747e19b41ca37a7.js","nl-NL":"cnds_app-controlstrings_nl-nl_1bce423d81257ebf5d454c4de7373f9c.js","nl":"cnds_app-controlstrings_nl-nl_1bce423d81257ebf5d454c4de7373f9c.js","fy":"cnds_app-controlstrings_nl-nl_1bce423d81257ebf5d454c4de7373f9c.js","nb-NO":"cnds_app-controlstrings_nb-no_38e2f276c750238f966bab1c64d96031.js","no":"cnds_app-controlstrings_nb-no_38e2f276c750238f966bab1c64d96031.js","nb":"cnds_app-controlstrings_nb-no_38e2f276c750238f966bab1c64d96031.js","nn":"cnds_app-controlstrings_nb-no_38e2f276c750238f966bab1c64d96031.js","smj-NO":"cnds_app-controlstrings_nb-no_38e2f276c750238f966bab1c64d96031.js","smj-Latn-NO":"cnds_app-controlstrings_nb-no_38e2f276c750238f966bab1c64d96031.js","se-NO":"cnds_app-controlstrings_nb-no_38e2f276c750238f966bab1c64d96031.js","se-Latn-NO":"cnds_app-controlstrings_nb-no_38e2f276c750238f966bab1c64d96031.js","sma-Latn":"cnds_app-controlstrings_nb-no_38e2f276c750238f966bab1c64d96031.js","sma-NO":"cnds_app-controlstrings_nb-no_38e2f276c750238f966bab1c64d96031.js","pt-PT":"cnds_app-controlstrings_pt-pt_6274ad4d9385ea833b4833654e23be11.js","pt":"cnds_app-controlstrings_pt-pt_6274ad4d9385ea833b4833654e23be11.js","pl-PL":"cnds_app-controlstrings_pl-pl_6ab659bd27bf4b189c08bc87f4ac84de.js","ru-RU":"cnds_app-controlstrings_ru-ru_121cdf7ffa72cbb4346b441dcfedaae1.js","ru":"cnds_app-controlstrings_ru-ru_121cdf7ffa72cbb4346b441dcfedaae1.js","ba":"cnds_app-controlstrings_ru-ru_121cdf7ffa72cbb4346b441dcfedaae1.js","be":"cnds_app-controlstrings_ru-ru_121cdf7ffa72cbb4346b441dcfedaae1.js","ky":"cnds_app-controlstrings_ru-ru_121cdf7ffa72cbb4346b441dcfedaae1.js","mn":"cnds_app-controlstrings_ru-ru_121cdf7ffa72cbb4346b441dcfedaae1.js","sah":"cnds_app-controlstrings_ru-ru_121cdf7ffa72cbb4346b441dcfedaae1.js","tg":"cnds_app-controlstrings_ru-ru_121cdf7ffa72cbb4346b441dcfedaae1.js","tt":"cnds_app-controlstrings_ru-ru_121cdf7ffa72cbb4346b441dcfedaae1.js","tk":"cnds_app-controlstrings_ru-ru_121cdf7ffa72cbb4346b441dcfedaae1.js","ro-RO":"cnds_app-controlstrings_ro-ro_52885fe81cb458a5074ad3ea90896d60.js","ro":"cnds_app-controlstrings_ro-ro_52885fe81cb458a5074ad3ea90896d60.js","sr-Latn-RS":"cnds_app-controlstrings_sr-latn-rs_8d4941ae26133c30538d9db5bcbd3fdb.js","sr":"cnds_app-controlstrings_sr-latn-rs_8d4941ae26133c30538d9db5bcbd3fdb.js","sk-SK":"cnds_app-controlstrings_sk-sk_fa7745b11a44d8d727cbcddcc7f3cb4e.js","sk":"cnds_app-controlstrings_sk-sk_fa7745b11a44d8d727cbcddcc7f3cb4e.js","sv-SE":"cnds_app-controlstrings_sv-se_b6d21ee4f865ecf0eb02dfebec60e13c.js","smj":"cnds_app-controlstrings_sv-se_b6d21ee4f865ecf0eb02dfebec60e13c.js","se":"cnds_app-controlstrings_sv-se_b6d21ee4f865ecf0eb02dfebec60e13c.js","sv":"cnds_app-controlstrings_sv-se_b6d21ee4f865ecf0eb02dfebec60e13c.js","sma-SE":"cnds_app-controlstrings_sv-se_b6d21ee4f865ecf0eb02dfebec60e13c.js","sma-Latn-SE":"cnds_app-controlstrings_sv-se_b6d21ee4f865ecf0eb02dfebec60e13c.js","tr-TR":"cnds_app-controlstrings_tr-tr_e2f1f969130b54991cb5a1525930da0a.js","tr":"cnds_app-controlstrings_tr-tr_e2f1f969130b54991cb5a1525930da0a.js","vi-VN":"cnds_app-controlstrings_vi-vn_3940a49151f3b2f02efa46b4281383ae.js","vi":"cnds_app-controlstrings_vi-vn_3940a49151f3b2f02efa46b4281383ae.js","zh-CN":"cnds_app-controlstrings_zh-cn_ccd61b36dbdb5d2245a728fe9bf9f095.js","zh":"cnds_app-controlstrings_zh-cn_ccd61b36dbdb5d2245a728fe9bf9f095.js","mn-Mong":"cnds_app-controlstrings_zh-cn_ccd61b36dbdb5d2245a728fe9bf9f095.js","bo":"cnds_app-controlstrings_zh-cn_ccd61b36dbdb5d2245a728fe9bf9f095.js","ug":"cnds_app-controlstrings_zh-cn_ccd61b36dbdb5d2245a728fe9bf9f095.js","ii":"cnds_app-controlstrings_zh-cn_ccd61b36dbdb5d2245a728fe9bf9f095.js","zh-TW":"cnds_app-controlstrings_zh-tw_cb3ebc43a4d85ed3b66b5f70e05cbf23.js","zh-HK":"cnds_app-controlstrings_zh-tw_cb3ebc43a4d85ed3b66b5f70e05cbf23.js","zh-CHT":"cnds_app-controlstrings_zh-tw_cb3ebc43a4d85ed3b66b5f70e05cbf23.js","zh-Hant":"cnds_app-controlstrings_zh-tw_cb3ebc43a4d85ed3b66b5f70e05cbf23.js","zh-MO":"cnds_app-controlstrings_zh-tw_cb3ebc43a4d85ed3b66b5f70e05cbf23.js"}},"@microsoft/sp-lodash-subset":{"type":"component","version":"1.10.0","id":"73e1dc6c-8441-42cc-ad47-4bd3659f8a3a"},"@microsoft/sp-core-library":{"type":"component","version":"1.10.0","id":"7263c7d0-1d6a-45ec-8d85-d4d1d234171b"},"@microsoft/sp-webpart-base":{"type":"component","version":"1.10.0","id":"974a7777-0990-4136-8fa6-95d80114c2e0"},"react":{"type":"component","version":"16.8.5","id":"0d910c1c-13b9-4e1c-9aa4-b008c5e42d7d"},"react-dom":{"type":"component","version":"16.8.5","id":"aa0a46ec-1505-43cd-a44a-93f3a5aa460a"},"@microsoft/sp-http":{"type":"component","version":"1.10.0","id":"c07208f0-ea3b-4c1a-9965-ac1b825211a6"}}}}