{"id":"bd15691b-f8ad-48ff-b3a5-7ce62e6fac4c","alias":"CNDS-Questionnaire-Form","componentType":"WebPart","version":"1.0.0","manifestVersion":2,"requiresCustomScript":false,"supportedHosts":["SharePointWebPart"],"preconfiguredEntries":[{"groupId":"5c03119e-3074-46fd-976b-c60198311f41","group":{"default":"CNDS"},"title":{"default":"CNDS.Questionnaire.Form"},"description":{"default":"Webpart is made for end users to submit questionnaire."},"officeFabricIconFontName":"Questionnaire","properties":{"description":"CNDS Questionnaire Form"}}],"loaderConfig":{"entryModuleId":"questionnaire-form","internalModuleBaseUrls":["<!-- PATH TO CDN -->/"],"scriptResources":{"questionnaire-form":{"type":"path","path":"questionnaire-form_3d69adf00f897fceb6329a5f4bfcb4cc.js"},"questionnaire-form-locale":{"defaultPath":"cnds_app-questionnaire-form-locale_en-us_b51df1ffc60ed0a2b5e22c77f512a70a.js","type":"localizedPath","paths":{"de-DE":"cnds_app-questionnaire-form-locale_de-de_e35a7d2b5fd22f4d27ac85eb1f163f11.js","de":"cnds_app-questionnaire-form-locale_de-de_e35a7d2b5fd22f4d27ac85eb1f163f11.js","dsb":"cnds_app-questionnaire-form-locale_de-de_e35a7d2b5fd22f4d27ac85eb1f163f11.js","rm":"cnds_app-questionnaire-form-locale_de-de_e35a7d2b5fd22f4d27ac85eb1f163f11.js","hsb":"cnds_app-questionnaire-form-locale_de-de_e35a7d2b5fd22f4d27ac85eb1f163f11.js","en-US":"cnds_app-questionnaire-form-locale_en-us_b51df1ffc60ed0a2b5e22c77f512a70a.js","bn":"cnds_app-questionnaire-form-locale_en-us_b51df1ffc60ed0a2b5e22c77f512a70a.js","chr":"cnds_app-questionnaire-form-locale_en-us_b51df1ffc60ed0a2b5e22c77f512a70a.js","dv":"cnds_app-questionnaire-form-locale_en-us_b51df1ffc60ed0a2b5e22c77f512a70a.js","div":"cnds_app-questionnaire-form-locale_en-us_b51df1ffc60ed0a2b5e22c77f512a70a.js","en":"cnds_app-questionnaire-form-locale_en-us_b51df1ffc60ed0a2b5e22c77f512a70a.js","fil":"cnds_app-questionnaire-form-locale_en-us_b51df1ffc60ed0a2b5e22c77f512a70a.js","haw":"cnds_app-questionnaire-form-locale_en-us_b51df1ffc60ed0a2b5e22c77f512a70a.js","iu":"cnds_app-questionnaire-form-locale_en-us_b51df1ffc60ed0a2b5e22c77f512a70a.js","lo":"cnds_app-questionnaire-form-locale_en-us_b51df1ffc60ed0a2b5e22c77f512a70a.js","moh":"cnds_app-questionnaire-form-locale_en-us_b51df1ffc60ed0a2b5e22c77f512a70a.js","es-ES":"cnds_app-questionnaire-form-locale_es-es_2413bb851d86efffea84ceb24ed653f4.js","gn":"cnds_app-questionnaire-form-locale_es-es_2413bb851d86efffea84ceb24ed653f4.js","quz":"cnds_app-questionnaire-form-locale_es-es_2413bb851d86efffea84ceb24ed653f4.js","es":"cnds_app-questionnaire-form-locale_es-es_2413bb851d86efffea84ceb24ed653f4.js","ca-ES-valencia":"cnds_app-questionnaire-form-locale_es-es_2413bb851d86efffea84ceb24ed653f4.js","fr-FR":"cnds_app-questionnaire-form-locale_fr-fr_0fdfdf5b624f15382252bee6dfdcaa6f.js","gsw":"cnds_app-questionnaire-form-locale_fr-fr_0fdfdf5b624f15382252bee6dfdcaa6f.js","br":"cnds_app-questionnaire-form-locale_fr-fr_0fdfdf5b624f15382252bee6dfdcaa6f.js","tzm-Tfng":"cnds_app-questionnaire-form-locale_fr-fr_0fdfdf5b624f15382252bee6dfdcaa6f.js","co":"cnds_app-questionnaire-form-locale_fr-fr_0fdfdf5b624f15382252bee6dfdcaa6f.js","fr":"cnds_app-questionnaire-form-locale_fr-fr_0fdfdf5b624f15382252bee6dfdcaa6f.js","ff":"cnds_app-questionnaire-form-locale_fr-fr_0fdfdf5b624f15382252bee6dfdcaa6f.js","lb":"cnds_app-questionnaire-form-locale_fr-fr_0fdfdf5b624f15382252bee6dfdcaa6f.js","mg":"cnds_app-questionnaire-form-locale_fr-fr_0fdfdf5b624f15382252bee6dfdcaa6f.js","oc":"cnds_app-questionnaire-form-locale_fr-fr_0fdfdf5b624f15382252bee6dfdcaa6f.js","zgh":"cnds_app-questionnaire-form-locale_fr-fr_0fdfdf5b624f15382252bee6dfdcaa6f.js","wo":"cnds_app-questionnaire-form-locale_fr-fr_0fdfdf5b624f15382252bee6dfdcaa6f.js","it-IT":"cnds_app-questionnaire-form-locale_it-it_9e7510ce62474c96df183dcac2bd63c3.js","it":"cnds_app-questionnaire-form-locale_it-it_9e7510ce62474c96df183dcac2bd63c3.js","ja-JP":"cnds_app-questionnaire-form-locale_ja-jp_21654eefb44348f1680c56b7f1e96197.js","ko-KR":"cnds_app-questionnaire-form-locale_ko-kr_33f398404abc7254ccbe58668d3f6e1a.js","ru-RU":"cnds_app-questionnaire-form-locale_ru-ru_3d091dc996a8caacf289e4a61ebc801b.js","ru":"cnds_app-questionnaire-form-locale_ru-ru_3d091dc996a8caacf289e4a61ebc801b.js","ba":"cnds_app-questionnaire-form-locale_ru-ru_3d091dc996a8caacf289e4a61ebc801b.js","be":"cnds_app-questionnaire-form-locale_ru-ru_3d091dc996a8caacf289e4a61ebc801b.js","ky":"cnds_app-questionnaire-form-locale_ru-ru_3d091dc996a8caacf289e4a61ebc801b.js","mn":"cnds_app-questionnaire-form-locale_ru-ru_3d091dc996a8caacf289e4a61ebc801b.js","sah":"cnds_app-questionnaire-form-locale_ru-ru_3d091dc996a8caacf289e4a61ebc801b.js","tg":"cnds_app-questionnaire-form-locale_ru-ru_3d091dc996a8caacf289e4a61ebc801b.js","tt":"cnds_app-questionnaire-form-locale_ru-ru_3d091dc996a8caacf289e4a61ebc801b.js","tk":"cnds_app-questionnaire-form-locale_ru-ru_3d091dc996a8caacf289e4a61ebc801b.js","zh-CN":"cnds_app-questionnaire-form-locale_zh-cn_f493837b521c0d27c32ca9de34ccc901.js","zh":"cnds_app-questionnaire-form-locale_zh-cn_f493837b521c0d27c32ca9de34ccc901.js","mn-Mong":"cnds_app-questionnaire-form-locale_zh-cn_f493837b521c0d27c32ca9de34ccc901.js","bo":"cnds_app-questionnaire-form-locale_zh-cn_f493837b521c0d27c32ca9de34ccc901.js","ug":"cnds_app-questionnaire-form-locale_zh-cn_f493837b521c0d27c32ca9de34ccc901.js","ii":"cnds_app-questionnaire-form-locale_zh-cn_f493837b521c0d27c32ca9de34ccc901.js"}},"@microsoft/sp-core-library":{"type":"component","version":"1.10.0","id":"7263c7d0-1d6a-45ec-8d85-d4d1d234171b"},"@microsoft/sp-webpart-base":{"type":"component","version":"1.10.0","id":"974a7777-0990-4136-8fa6-95d80114c2e0"},"react":{"type":"component","version":"16.8.5","id":"0d910c1c-13b9-4e1c-9aa4-b008c5e42d7d"},"react-dom":{"type":"component","version":"16.8.5","id":"aa0a46ec-1505-43cd-a44a-93f3a5aa460a"}}}}